{"cameraMode":{"drawMode":0,"name":"Shaded","section":"Shading Mode"},"sceneLighting":true,"audioPlay":false,"sceneViewState":{"showFog":true,"showMaterialUpdate":false,"showSkybox":true,"showFlares":true,"showImageEffects":true,"showParticleSystems":true},"in2DMode":false,"pivot":{"x":-22.527393341064454,"y":27.381603240966798,"z":-8.676088333129883},"rotation":{"x":0.017759697511792184,"y":0.9677127003669739,"z":-0.07125399261713028,"w":0.24112160503864289},"size":111.38459777832031,"orthographic":true}