{"cameraMode":{"drawMode":0,"name":"Shaded","section":"Shading Mode"},"sceneLighting":true,"audioPlay":false,"sceneViewState":{"showFog":true,"showMaterialUpdate":false,"showSkybox":true,"showFlares":true,"showImageEffects":true,"showParticleSystems":true},"in2DMode":false,"pivot":{"x":-12.3125,"y":1.4282618761062623,"z":-9.198485374450684},"rotation":{"x":0.08571860939264298,"y":-0.8535176515579224,"z":0.14870977401733399,"w":0.49198117852211},"size":24.483118057250978,"orthographic":true}